{
  "name": "Thème de Base",
  "type": "light",
  "author": "BlueNotebook",
  "description": "Le thème par défaut de BlueNotebook, clair et simple.",
  "font": {
    "family": "Droid Sans Mono",
    "size": 12,
    "code_family": "Consolas, Monaco, monospace"
  },
  "colors": {
    "background_color": "#d6ebff",
    "text_color": "#2c3e50",
    "heading_color": "#208bd7",
    "list_color": "#208bd7",
    "selection_text_color": "#ff0004",
    "inline_code_text_color": "#d6336c",
    "inline_code_background_color": "#f2f07f",
    "code_block_background_color": "#f0f0f0",
    "bold_color": "#448C27",
    "italic_color": "#448C27",
    "strikethrough_color": "#448C27",
    "highlight_color": "#FFC0CB",
    "quote_color": "#2B303B",
    "link_color": "#0366d6",
    "html_comment_color": "#a4b5cf",
    "tag_color": "#d73a49",
    "timestamp_color": "#005cc5"
  }
}