{
  "name": "BlueNotebook BlueLight",
  "type": "light",
  "author": "BlueNotebook",
  "description": "Un thème clair léger dans les tonalités de bleu et gris",
  "font": {
    "family": "Droid Sans Mono",
    "size": 12,
    "code_family": "Courier New"
  },
  "colors": {
    "background_color": "#ffffff",
    "text_color": "#253443",
    "heading_color": "#4c6eab",
    "list_color": "#a4b5cf",
    "selection_text_color": "#a4b5cf",
    "inline_code_text_color": "#4c6eab",
    "inline_code_background_color": "#f7f8fa",
    "code_block_background_color": "#f7f8fa",
    "bold_color": "#4c6eab",
    "italic_color": "#253443",
    "strikethrough_color": "#253443",
    "highlight_color": "#fffec7",
    "quote_color": "#4c6eab",
    "link_color": "#4c6eab",
    "html_comment_color": "#9ca3af",
    "tag_color": "#4c6eab",
    "timestamp_color": "#1d4ed8"
  }
}