{
    "name": "Classic_Turquoise",
    "type": "light",
    "author": "ghostwriter",
    "description": "Un thème clair  dans les tonalités de  turquoise et de rose",
    "font": {
        "family": "Courier New",
        "size": 14,
        "code_family": "Courier New"
    },
    "colors": {
        "background_color": "#ffffff",
        "text_color": "#363c42",
        "heading_color": "#009bc8",
        "list_color": "#009bc8",
        "selection_text_color": "#6faba9",
        "inline_code_text_color": "#009bc8",
        "inline_code_background_color": "#dfedf0",
        "code_block_background_color": "#dfedf0",
        "bold_color": "#009bc8",
        "italic_color": "#009bc8",
        "strikethrough_color": "#009bc8",
        "highlight_color": "#fffec7",
        "quote_color": "#363c42",
        "link_color": "#c23184",
        "html_comment_color": "#9ca3af",
        "tag_color": "#c23184",
        "timestamp_color": "#c23184"
    }
}